"Weekday","Google Trends","Twitter","Newspapers"
"Monday",57.7870813397129,18.0950191802733,20.2886351040463
"Tuesday",62.3535353535354,20.084809025916,25.9019315278064
"Wednesday",61.5808080808081,20.1858409431118,28.5509446293439
"Thursday",59.020979020979,20.5013251928242,26.4574275821341
"Friday",49.011655011655,19.6824000182015,27.9873731977409
"Saturday",32.9067599067599,15.5189530421476,26.1791781700678
"Sunday",40.8135198135198,15.1429522579245,20.4284219148369
