"Weekday","Google Trends","Twitter","Newspapers"
"Monday",51.6641414141414,18.3728734494193,20.3516741377022
"Tuesday",55.629679144385,20.4768517733666,25.8734802768316
"Wednesday",55.0414438502674,20.4454271102813,28.5934761143243
"Thursday",52.6123737373737,20.7752021488413,26.3323258266237
"Friday",43.5416666666667,20.0907301788956,27.7495531425093
"Saturday",28.6931818181818,15.5574004928702,26.0246279332345
"Sunday",35.8737373737374,14.9896201787126,20.2625297162268
